{
  "last_indexed": "2026-01-19T16:04:56.399667+00:00",
  "failed_files": [],
  "warnings": [],
  "success_rate": 0.9009640666082384,
  "files_by_language": {
    "markdown": 432,
    "python": 593,
    "javascript": 3
  },
  "total_parseable": 1141
}
