{
  "last_indexed": "2026-01-15T20:28:23.793530+00:00",
  "failed_files": [],
  "warnings": [],
  "success_rate": 0.9051155115511551,
  "files_by_language": {
    "markdown": 505,
    "python": 589,
    "javascript": 3
  },
  "total_parseable": 1212
}
