{
  "last_indexed": "2026-01-16T12:04:52.699102+00:00",
  "failed_files": [],
  "warnings": [],
  "success_rate": 0.024390243902439025,
  "files_by_language": {
    "markdown": 17,
    "python": 13
  },
  "total_parseable": 1230
}
