{
  "last_indexed": "2026-01-15T09:11:31.409926+00:00",
  "failed_files": [],
  "warnings": [],
  "success_rate": 0.8939962476547842,
  "files_by_language": {
    "markdown": 413,
    "python": 537,
    "javascript": 3
  },
  "total_parseable": 1066
}
